img_path,text,str_len
/content/Receipts/1098-receipt.jpg,"Nick'S Tuscan Grill
149 Mineola Blvd
Mineola NY 11501
516-747-2545
www.nickstuscangril1.com
Minimum Credit/Debit Payment $20
907 Victor V
Tb 1 12/1
Gst 2
Mar18'18 10:54AM
Bar
FUSSILLI SP
1 Open Food
1 Ossobuco
22.00
1 Diet Coke
28.00
1 G 14 Hands Cab
2.50
10.00
Subtotal
Tax
62.50
Total
5.39
67.89
Minimum Credit/Debit Payment $20
Thank you for joining us today.",34
/content/Receipts/1099-receipt.jpg,"Mexican Restaurant & Bar
25 West San Fernando St.
San Jose, CA 95113
(408) 283-9595
Server: Pablo
12/29/2017
Table 40/1
1:17 PM
Guests: 3
30001
Reprint #: 1
3.25
Coffee
Enmoladas with Meat
14.95
pollo
Chicken Tenders
5.95
c O
Flautas Chicken
9.95
Coloradito
15.95
50.05
Subtotal
5.46
Tax
55.51
Total
Gratuity 18.00%
9.01
64.52
Total
Balance
Due
64.52
1!
Become a friend of US on
FACEBOOK to receive news
of
events & special offers !!
!! THANK YOU FOR COMING !!",41
/content/Receipts/1100-receipt.jpg,"83
DUPLICATE
**
M
3A0 SIRL. NI
0...0.60
Stony
16725 Stony Plain Rd
Edmonton AB T5P 4A9
Store#: 3859 Tel#: 780-414-8362
Welcome to all day breakfast
0 Mc Donald's
PLEASE TURN THIS OVER
192
KS#
03/10/2018 07:39:12 PM
PLEASE TURN THIS OVERI
QTY ITEM
TOTAL
Delivery
0.00
10 McNuggets EVM.
10.29
1 Barbeque Sauce
Barbeque Sauce
1 L Coke
0.40
1 M French Fries
HM GrChs S-Fry Yog
3.99
Snoopy
HM Apple Juice
2.89
¡HANO SIMA NUNA ESVET
1 6 Cookies
Choc Chip Cookie
1 Baked Apple Pie
1.19
French Fries
3.29
L Iced Tea
2.99
Subtotal
25.04
1.11
GST
Take-Out Total
26.15
CREDIT SALES McDelivery
26.15
PLEASE TURN THIS OVERI
0.00
Change
GST #: 120907092
SALE #04kdfwg532
PLEASE TURN THIS OVER!",67
/content/Receipts/1101-receipt.jpg,"KAZ RAMEN
22413 BARTON ROAD
GRAND TERRACE, CA 92313
9094229532
ORDER: T4G1
DINE IN
Cashier: Mickey
04-Nov-2018 9:07:13P
Guest
1
Tonkotsu
$9.50
Tofu $0.00
Egg $1.30
Corn $0.50
Bamboo shoots $1.00
Naruto $0.75
Spicy $0.00
Subtotal
$13.05
Tax
$1.01
Total
$14.06
Order 4AW465DENMVRT",19
/content/Receipts/1102-receipt.jpg,"OM INDIAN FOOD
204 Spring St
New York, NY 10012
(646) 756-4000
(646) 657-0514 (Fax)
TABLE T1
ORDER #2
2 Guests
Invoice #2143
4/15/16 12:03:14 PM
Manoj
1 Vegetable Biryani
$12.95
Malai Kofta
$12.95
1
Onion Naan
$3.95
SUBTOTAL:
$29.85
LUNCH DISCOUNT 50% OFF :
-$14.93
TAX:
$1.32
TOTAL:
$16.24
You have saved: $14.93",28
/content/Receipts/1103-receipt.jpg,"Crisfield Seafood
Restaurant
8012 Georgia Ave.
Silver Spring, MD20910
(301) 589-1306
DENIS
ORDER#
134
Carryout
12/29/2017 8:38:16 PM
#
8
GUESTS
-A
TAKE
OUT
Dinner Platters
1 Crisfield Special Platter
****
COOK MEDIUM
27.00
Extras
****
Pint Bisque
SUBTOTAL:
11.50
Carry Out
38.50
TAX:
1.93
Register
2.31
TOTAL:
T#0000144
$42.74
Last Serviced
12/29/2017 8:41:08 PM
Thank You!",20
/content/Receipts/1104-receipt.jpg,"Don Juan Mexican Restaurant
124 East Park Ave
Long Beach, NY 11561
(516) 442-4944
Server: Regina
Station: 4
Order #: 28731
Dine In
Table:
Guests: 2
2 Red Sangria Glass
14.00
#4-COMBO FAJITAS
22.95
Flour Tortilla
Chicken
Shrimp
Steak
#34-BURRITO SUPREME
w/ Beef
14.95
Bar Subtotal:
Food Subtotal:
14.00
NY State:
37.90
4.48
A=BE==
TOTAL:
$56.38
» Ticket #: 23 ‹
MODE THREes ME coce
THANK YOU!",35
/content/Receipts/1105-receipt-Edited.jpg,"THE =
PLACE
Shoot
2 BEI
The Place 2 Be
615 Franklin Ave
Hartford, CT 06114
8609047891
JOIN US FOR BOTTOMLESS BRUNCH
EVERY SATURDAY & SUNDAY
$15 BOTTOMLESS MIMOSAS *******
ORDER: Table 77
Dine-In
Cashier: Mariah
17-Feb-2018 9:41:47A
Guest 1
1
American Coffee
7
Nutella Coconut Pancakes
$1.75
Guest 2
$8.00
7
American Coffee
Cheddar Grits
$1.75
$10.00
Subtotal
Tax
$21.50
$1.37
Total
$22.87",31
/content/Receipts/1105-receipt.jpg,"THE =
PLACE
#hool
2 BEI
The Place 2 Be
615 Franklin Ave
Hartford, CT 06114
8609047891
https://www.Place2BeCT.com
JOIN US FOR BOTTOMLESS BRUNCH
EVERY SATURDAY & SUNDAY
$15 BOTTOMLESS MIMOSAS *******
ORDER: Table 17
Dine-In
Cashier: Mariah
17-Feb-2018 9:41:47A
Guest 1
1
American Coffee
7
Nutella Coconut Pancakes
$1.75
Guest 2
$8.00
7
American Coffee
Cheddar Grits
$1.75
$10.00
Subtotal
Tax
$21.50
$1.37
Total
$22.87",31
/content/Receipts/1106-receipt.jpg,"Lan Sheng
209 Paterson Ave.
Wallington N. J. 07057
Tel : 973.775.7100 Fax : 975.773.7101
Dine In
[ B2
Server: Mary
# 1011
2 Person
06/13/17
08:38 PM 09:17 P.
1
Spicy Chicken w. Spicy Garli $7.95
C Soy V.
Hf- Peking Duck
Stir Beef Fillet w. Tofu
$18.95
Pork w. Spicy
$15.95
Capsicum
1
White Rice (S)
$12.95
Pork w. Spicy Tofu & Cayen
$1.50
ne Chili
$12.95
SubTotal $70.25
Sales Tax
$4.90
Total
$75.15
Thank You
Have A Nice Day",49
/content/Receipts/1107-receipt.jpg,"MIKUNI JAPANESE
4323
Hazel Avenue
Fair
Oaks, CA
95628
(916) 961-2112
1070 David 0
Tbl 42/1
Chk 3905
Gst
2
Jul16'17 08:15PM
1 Mojito Pitcher Original w/
18.00
2 Glass
1 Brussel Sprouts
6.50
- Pepperfin
14.50
1 Spicy Drm 1 Red
14.50
Aerojet
1 A Fay
14.95
17.95
2 Chu Toro
19.00
1 Daikon Hamachi
14.50
- Garlic Salmon
14.00
Subtotal
133.90
Tax
10.38
Total Due
144.28",31
/content/Receipts/1108-receipt.jpg,"30 Mongo BBQ
6661 Stanford Ranch Rd.
Rocklin, CA 95677
916-632-8828
Receipt:
nonco-042441
Date:
Jan 28, 2018 5:48:07 PM
Served by:
Manager
Iten
Price Qty
Value
BBQ Dinner
$10.99
x4
$47.15
beverage
$2.29
x2
$4.91
Items count:
Subtotal:
$48.54
CA Tax 7.25%:
$3.52
Total
$52.06
Cash
Tendered:
$52.06
Change:
$0.00",18
/content/Receipts/1109-receipt.jpg,"Breadfish Cafe
Haolei848 Hampurton, Bod
Heights, CA 91745
Tel:(626)937-6555
Table: A2 Guests: 2
Server: linda
Dine In#:137
Date: 06/14/2017 18:38:46
SQ# 10038
[1] #4 56%4
$4.39
(** , mild)
Fopcom Chicken
(Spicy , mild
[1]‡% pl t
$6.75
Eraisec Beef flee/Noodle
[1]X4 44 Pm 61
$6.25
Cold Noodle With Chicken
[1]4 N
$7.95
Beef Noodles
Amount: $25.34
Tax Rate: (9.00%): $2.28
Sub-Total: $27.62
-----TIP GUIDE-----
15% = $3.80
18% = $4.56
20% = $5.07
Thank You Very Muchl",48
/content/Receipts/1110-receipt.jpg,"Chelokababi
S 1236 S Wolfe Rd
Aug 18, 2018
Sunnyvale, CA 94086
6:35 PM
(408) 737-1222
Server
chelokababi.com
Ticket: D2
FOR HERE
Koobideh × 7
$115.50
($16.50 each)
Well Done
Very well done
Nan-O-Sabzi
$8.95
18% Gratuity
Thanks:)
$22.40
Subtotal
$146.85
Sales Tax
$13.22
Total
$160.07
Merci!
Thank you very much!",24
/content/Receipts/1111-receipt.jpg,"Place Your
Card Here
COMMANDER'S PALACE
1427 WASHINGTON AVE., NEW ORLEANS, LA.
0009 Table 522 #Party 2
LAURA D
1 25/ CP.
SvrCk:
up
11:23a 03/12/19
Fr 25/COSMO, up
SOUP DJ
0.25
1 TURTLE
0.25
1 CATFISH
0.00
1 TOSTADA
0.00
22.00
1 25/GIN, up
18.00
1 25/ RAY, up
0.25
1 SOUFFLE/ALA
0.25
9.50
Sub Total:
50.50
03/12 12:31pTOTAL:
Tax:
5.45
55.95
Thank You
Now streaming on NETFLIX!
Ella Brennan: Commanding the Table
Ask your server for details.",43
/content/Receipts/1112-receipt.jpg,"COLUMBUS RESTAURANT
736 OCEAN DRIVE
MIAMI BEACH, FL 33139
TEL: 786-275-6944
TABLE
5 GUESTS
91
Gust avo
2 FBD BLUE MARGARI
1 CHEESE BURGER
55.00 110.00 1
14.501
1 CHICKEN MARSALA
18.50 1
TAX and SERVICE Detail
TF ARTICLES
Tax
Tot al
SALES TAX 77.
143.00
10.01
153.01
RESORT TAX27.
SERVICE207
2.86
28.60
TOTAL
184.47
SATURDAY 01-27-2018 03:59PM
Key 12-Waitr: 12-POS
CA
1-BILL
FOOD:
PLEASE RATE US SO WE CAN BETTER/ SEAVE
1 2 m 4
6
SERVICE:
1 2 3 4
6
8 9 10
AMBIANCE:
1 2
NAME:
6 7-8 Go co ese",52
/content/Receipts/1113-receipt.jpg,"Golden Panda
Buffet
14428 Ramona Blvd. #70
Baldwin Park, CA 91706
Tel: 626-337-5666
Station:
6/02/2018 04:18:31 PM
Cashier: 010
Invoice #68554
T# hot food
Adult Dinner
2
23.98
Soda
2
3.38
Subtotal
27.36
Tax
2.60
Grand Total
29.96
Amount Tendered
29.96
Debit Card sale
29.96
Thank you very much.
Order # 152",25
/content/Receipts/1114-receipt.jpg,"laYource
19,
Amid loPing tint
Cafese.
12-00-2015
NOTE
PERRIER
COCA-CO
54
JUS ORANGE
$5.80
.40 $5.40
TOTAL EURO
HaT. TVA, 10%
*17.00
DONT. TVA. 10%
•15.45
TOTAL TIC 10%
$17.00
Tel: 01.46.26.44.81
PRIX NET
MERCI DE VOTRE VISITE",17
/content/Receipts/1115-receipt.jpg,"Rosebud
on
Rush
720 North Rush Street
Chicago, IL
Date:
312-266-6444
Card Type:
Jul15'17 04:07PM
Visa
Acct #:
XXXXXXXXXXXX3426
Card Entry:
SWIPED
Trans Type: PURCHASE
Trans Key:
GIG005625257729
Auth Code:
190275
Check:
1738
Table:
81/1
Server:
226 Chelsea
Subtotal:
79.17
TIP
TOTAL
SIGNATURE
THIS IS ROSEBUD'S COPY
AMERICAN
Thank
You!
EXPRESS",17
/content/Receipts/1116-receipt.jpg,"Villaggio
GRILLE
Villaggio Grille
4780 Wharf Parkway
Orange Beach, AL 36561
PHONE: 251-224-6510
Order 9862 06/08/19 11:45 AM
Table 14 Cust 3 Server 156 JAMIE
P-VILLAGIO BREEZE
ED S S 00 eaST
0.01
3.00
14.00
- KID PEPERONI PIZZA
7.00
KID ALFREDO
7.00
Sub-total:
31.01
Tax:
3.11
Total
Due : 34.12",29
/content/Receipts/1117-receipt.jpg,"KOBE JAPANESE
STEAK
69838 HIGHWAY 111
RANCHO MIRAGE, CA. 92270-2837
760-324-1717
Server
ID: 1
Sale
*::xxx:..xxx4757
VISA
Entry Method: Chip
Amount: $
158.07
Tip:
Total:
1500
13 °7
02/22/19
Inv #: 000000061
20:31:12
Apprvd: Online
Appr Code: B39001
VISA DEBIT
AID: A0000000031010
TVR: 80 80 00 80 00
TSI: 68 00
Customer Copy",27
/content/Receipts/1118-receipt.jpg,"Mendy : Restaurant #00003675
401 Bergan St
Harrison, NJ 07029
(973) 483-8704
#3264
03/18/26
Host: JULIANA
3:4830
*370
4018
Order Type: PUN
Veggie Sandwich
ogag
NO American Cheese
a
NO Mayo
1.89
Small Fries
1279
Plain Potato
ADD Chives
Total Items 3
MD 07 95
Tax
PUW Total
4.99
Balance Due
How was your visit?
Call us at 888-624-8140
Savis azl",32
/content/Receipts/1119-receipt.jpg,"** PURCHASE **
Panda Express #2614
Brooklyn, NY
(718)246-3898
12/22/2017 4:58:01 PM
Order: 196812
-TO GO-
Server: Cheryfia M
1 Plate
CHOW MEIN-1/2
9.10
CHOW
MEIN-1/2
BROCCOLI BEEF
BEIJING BEEF
1 Plate
CHOW MEIN-1/2
9.10
CHOW MEIN-1/2
CKN EGG ROLL
KUNG PAO CKN
1 XTRA ENTREE
GILL TERIYAKI CKN
1.50
1 XTRA ENTREE
GRILL
TERIYAKI CKN
1.50
PEPSI 20 04
1 PEPSI 20 OZ
2.00
2.00
SubTotal
25.20
TAX
2.24
Total
27.44
Visa
27.44
Acct: XXXXXXXX0103
AuthCode:02776A
*************************************
FREE ENTREE ITEM!",38
/content/Receipts/1120-receipt.jpg,"RED & HOT II
349 7 AVE. (CORNER OF 10ST.)
BROOKLYN, NY 11215
TEL:(718)309-2577
TEL:(718)309-8897
Dine In
Date: 10-20-2018 Time: 12:37PM
# 18
Server: WAITER I
TAB#: C2
No. of Guest :
- Vegetable Roll
0.00
Egg Roll
2 L35. Sesame chicken
13.90
1 PRE
1 (L)Veg Spare Ribs .BBS
7.65
W/R
Amount
21.55
TAX(8.875%) :
1.91
TOTAL :
23.46
Thank you very much.",38
/content/Receipts/1121-receipt.jpg,"Heart of Portugal
Restaurant
241 Mineola Blvd
Mineola, NY 11501
516-742-9797
Server: oscar d
09/10/17 3:28 PM
Check #11
Table D2
Traditional Pork & Clams
$20.95
4 Osso Buco Sp
$28.95
House Wines Half Pitcher
$16.00
Subtotal
$65.90
Tax
Total
$5.68
$71.58
Thanks for Dining with Us!
See you soon!!!",28
/content/Receipts/1122-receipt.jpg,"El Meson Mexican Restaurant
794 South Perry
Unit EF
CASTLE ROCK , CO 80104
(720) 733-9705
Server: [GOR
Station: 33
Order #: 18533
Dine In
Table: A1
Guests: 2
SOPA DE TORTILA BOWL
5.50
TACO SALAD
9.50
CHKN
HOUSE MARGARITA JUMBO
12.50
Dr Pepper
2.65
SIDE CHEESE
HOUSE MARGARITA JUMBO
1.55
12.50
SUB TOTAL:
44.20
Tax 1:
3.50
TOTAL:
$47.70",31
/content/Receipts/1123-receipt.jpg,"El Gato Negro
300 Harrison Ave
New Orleans, LA 70124
Phone: (504) 488-0107
1128 Daniel P
Tb1 90/1
Chk 4650
Gst
Aug23' 19 12:07PM
*** Memo Check ***
Dine
In
Seat: 1
1 Fajita Vegetable
7.75
1 Taco Shrimp Fresh Catch 3
12.00
*DON'T MAKE*
Y Water
0.00
Food
19.75
Tax
2.01
Total
21.76",29
/content/Receipts/1124-receipt.jpg,"FIREFLO
Firefly American Bistro
5525 New Albany Road West
New Albany, OH 43054
Server: Harry M
12/28/18 7:54 PM
Check #140
Table 24
Malbec Trivento
$8.00
Blood Orange Marg
$9.00
Cup Italian Wedding Soup
$2.95
Spaghetti Marinara
$17.95
Add One Meatball
Add Two Meatball
Fettuccine Alfredo
$23.95
Add Steak
Small Wedge Salad (Dinner)
$4.95
Creme Brulee
$4.00
Baileys
$7.00
Subtotal
$77.80
Tax
$5.84
Total
$83.64
Come See Us Again!",36
/content/Receipts/1125-receipt.jpg,"Place Your
Card Here
CHATPATA RESTAURANT INC
1683 ROUTE 9
CLIFTON PARK, NY 12065
5182801190
Cashier: Kamal
19-Mar-2019 5:28:12P
6.5 Chicken Korma
$11.95
10.1 Naan (Plain Naan
$1.95
1
13.1 Kheer
$3.95
Subtotal
$17.85
Tax
$1.25
Total
$19.10
Online: https://clover.com/r/KQ23F4T9N8T6T
Order KQ23F4T9N8T6T",20
/content/Receipts/1126-receipt.jpg,"SAGE
FRENCH CAFE
& WINE BAR
0121a Table
CHANDA R
3 #Party 2
SvrCk: 8 1:56p 06/02/15
2 SAUV BLANC JB
VEGGIE SANDWICH
18.00
QUICHE LORAINE
11.00
12.00
Sub Total:
OPEN $DISCOUNT *Discount*:
41.00
11.00
Tax
1.80
Sub Total:
31.80
GRATUITY 18
7.38
06/02 2:44p TOTAL:
39.18
********************
THANK YOU!
PLEASE COME AGAIN!
WINE TASTING 1ST TUESDAY
WE TAKE RESERVATONS
CALL US AT 954-565-2299
WWW.SAGECAFE.NET",34
/content/Receipts/1127-receipt-Edited.jpg,"Exon 10Y
seeranua anilno
910m 10 Os2 to
PIZZA HUT
1 1190758 10.114110.
83340 1
DINE IN
E
Ticket #00100
=
ROMAHO E
Item Count
3 TABRO
#GUEST
TABLE
002.15
1d13038 10 NOV8 : 5
?
ENTERED BY
56
8:30 PM
MAURICE
18/25/2018
#
030835
12.49
01
$FiveLU
T913039 21HT 933N
Hand toss
Cheese
7.69
87:40
Pepperoni
E
$FiveLU
=
02
F
Bone OUT
GarloParm
COUPON (F6)
1d17038 ) MOVE :
10.18 '
23.50
Subtotal
0.94
Service Fee
2.32 H
SALES TAX
26.76
Balance Due",34
/content/Receipts/1127-receipt.jpg,"seeranug enilno ixen 100V
910m 10 052 to
PIZZA HUT
1 117079 10 HAULA.
83:0 N
DINE IN
E
Ticket #00100
=
EDWAHDE
Item Count
3 TA3AO
#GUEST
TABLE
008 to
1813038 10 NOV8 : 5
2
ENTERED BY
56
8:30 PM
MAURICE
10/25/2018
#
030835
12,49
01
$FiveLU
T913039 2IHT 933N
Hand toss
Cheese
Pepperoni
7.69
87:90
=
$FiveLU
13.50
5
02
P
Bone OUT
GarlcParm
03
PiTcher
1d13318
DosEquis
COUPON (F6)
Subtotal
23.50 0.94 8R
Service Fee
2.32 H
SALES TAX
26.76
Balance Due",34
/content/Receipts/1128-receipt.jpg,"KNAVERAS
MEXICAN CUISINE & BAR
KALAVERAS - BELLFLOWER
16530 BELLFLOWER BLVD
BELLFLOWER, CA 90706
5624610599
http://www.kalaveras.com/
ORDER: Bar B11
Cashier: BAR PM
30-Aug-2019 3:24:10P
t
Classic Michelada
$12.00
Classic Michelada
$12.00
Don Julio Anejo
$15.00
Classic Michelada
$12.00
- Balam Madurado
$12.00
$63.00
Subtotal
$5.99
Tax
$68.99
Total
Thank you for your visit!
83V4QQC31PPMT
Order 83V4QQC31 PPMT",28
/content/Receipts/1129-receipt.jpg,"HIRO JAPANESE RESTAURANT
3007 NE 163RD STREET
North Miami Beach, FL 33160
(305) 948-3687
Server: HUGO
Station: 2
Order #: 209744
Dine In
Table: 12
Guests: 2
- (L) Ton Katsu
8.95
1 (L) Makimono
6.95
SUB TOTAL:
15.90
Tax 1:
1.28
22C2222-
TOTAL:
$17.18
>> Ticket #: 20 <<
2/13/2018 1:09:45 PM
THANK YOU!",32
/content/Receipts/1130-receipt.jpg,"BOA
(310)
278-2050
0051a
TABLE 308
#Party 1
BAR L
SvrCk: 13 13:22 12/20/17
Separate checks: 1-of-3
1 CRAB, OSHE LUNCH
15.00
28.00
Sub Total:
43.00
Tax:
4,09
Sub Total:
47.09
12/20 14:29 TOTAL:
47.09
SUGGESTED GRATUITY
18%
8.48
20%
9.42
dard",17
/content/Receipts/1131-receipt.jpg,"CHRIS'S
HAMBURGERS
3950 E SLAUSON MAYWOOD, CA 90270
PHONE 323-588-1607
MC #01
REG CASHIER 11-24-2017 12:13 PM 000072
MISC
B CHZ B SPC
$0.01
no pickles
F FRIES - LRG
$8.80
CRISPY
$3.66
CRISPY
F FRIES - LRG
CRISPY
$3.66
PREM MED DRINK
horchata
$2.15
CHZ BURGER SPEC
no onions
$7.57
EAT-IN
TAXABLE SALES
TAX
$25.85
TL
$2.46
CASH
$28.31
CG
$40.00
$11.69
ORDER
#
0000000052
PLEASE HELP US SERVE YOU BETTER
SERVICE WAS VERY GOOD
GOOD
-
POOR
]
[",37
/content/Receipts/1132-receipt.jpg,"VIA EMILIA 9
1120 15TH ST
MIAMI BEACH, FL 33139
7862167150
ORDER: Table 11
Cashier: V.
27-Apr-2017 6:21:59p
1 Tagliatella al Ragu'
$14.90
Cappellacci Di Zucca
$18.90
Stufato Al Latte Di Ravenna
$22.90
Subtotal
$56.70
Tax
$5.10
Total
$61.80
Order QGVRTH3NM28YC
Show us your review on TripAdvisor or Yelp
and you'll get a free glass of wine!",36
/content/Receipts/1133-receipt.jpg,"MOONSTAR RESTAURANT
383 GELLERT BLVD.,
DALY CITY, CA 94015
650-992-2888
Tab 424
1P
18:08
#2184
QTY
NAME
U/P
PRICE
5
FRI-SUN DINNER $29.88
149.40
29.88 50%OFF BIRTHDAY
-0.50
-14.94
SUBTOTAL:
134.46
Tax (9%):
12.11
TOTAL:
146.57
Tip Guide:
15%: +
20.17=
166.74
18%: +
24.20=
170.77
20%:
+
26.89=
173.46",16
/content/Receipts/1134-receipt.jpg,"KFC
Restaurant #C160014
3880 Hempstead Turnpike
Levittown
(516)735-3508
Ticket #2884
2016-07-08
9:16 PM
C160014 2 117 2884
Cashier: TIANA
Family Fill Up
20.00
Lrg Coleslaw
Lrg Mash/ Gvy
Lrg Mash Only
4 Biscuit
Tax
1.73
DRIVE THRU
$21.73
Tender Credit
$21.73
Change
$0.00
CHARGE DETAIL: SALE",22
/content/Receipts/1135-receipt.jpg,"E. BALDI
375 North Canon Drive
Beverly
Hills, CA 90210
TUE JANUARY 30,2018
CHECK
#278470--1
TABLE #6
v ICED TEA
$4.50
1 ROMBO CARCIOFI FUNGH
$48.00
v SPARKLING WATER LARG
$8.50
1 MANA ME , ORE DOL SATO
$40.00
SNAPPE
$33.00
FOOD
SUB-TOTAL
$134.00
$134.00
TAX
TOTAL
$12.73
$146.73
Time: 14:22
2 CUSTOMEDO",26
/content/Receipts/1136-receipt.jpg,"The Shawarma Factory
14817 S. Western Ave
Apr 10, 2019
Gardena, CA 90249
12:34 PM
Vince
Ticket: #29
Visa 7286
Authorization 173245
Receipt 03WE
VISA DEBIT
AID A0 00 00 00 03 10 10
FOR HERE
Flame Broiled Chicken
$11.99
1/2 Chicken, Hummus , House Salad
Subtotal
$11.99
Sales Tax
$1.14
Total
$13.13",32
/content/Receipts/1137-receipt.jpg,"Maui Teriyaki
27000 Marine Ave #103
Redondo Beach, CA 90278
(310) 973-3500
Server: Annie
Station: 1
Order #: 168479
Customer Name:
Phone Order
Guests:
LEANNE
»› SETTLED «
1 Salmon Plate
Extra Shrimp
11.49
1.45
SUB TOTAL:
Tax 1:
12.94
1.23
TOTAL:
====----
$14.17
Cash
Tendered:
20.00
•==--•-CCE
CHANGE:
-5.83
» Ticket #: 7 «
Created: 10/25/2017
11:14:30 AM
SETTLED: 10/25/2017 11:28:31 AM
THANK
YOU!",31
/content/Receipts/1138-receipt.jpg,"CASA CHAN RESTAURANT
Palm Ave
Hialeah, FL 33010
(305) 640-8828
Find us on instagram
@casa_chan_restaurant Facebook Casa
Chan Restaurant
ORDER: 9
Dine In
Cashier: Diana Z
21-Dec-2014 5:23:42P
#12 Wonton or Egg Drop or
Mixed Dinner
$3.75
-
=01 Egg Roll
Wonton Soup $0.00
#23 Juice Chinese Chop
Sue Honduran Style
$3.00
$8.99
Dinner
Tropical
2 @ $2.50/12 oz
Tamal De Pollo
$5.00
1 @ $3.50/each
$3.50
Subtotal
Tax
$24.24
Total
$1.70
Order DMHGRRF9JPM70
$25.94
Bring back this receipt for 10% off your next
visit!! :)
Online: https://clover.com/r/
DMHGRRF9JPM70",51
/content/Receipts/1139-receipt.jpg,"S PARADISE
Andra Stylo Fanlily Restaurant
Vidyaranyapura, BANGALORE-560097
Contact 9148436557/58
BILL
GST-29ADDES0740B12G
Bi11 No
00027
3111 Date 06.07.2017
Bill Time 22:06
Persons
01
Table No,
P
Wtr
No
SD
cummO
Item Name
Rate
by
Amount
TANDOORI CHICKEN
179
:00
179.00
MUTTON RAGON JOSH
209
1.00
209.00
FISH BIRIYANI
229
1.00
229.00
617.00
====
Total
617.00
-01
Grand Total Rs.
617.00
-WO",20
/content/Receipts/1140-receipt.jpg,"SHAKE SHACK
1450 S. Dixie Highway
Host: Nelson
12
03/03/2015
8:06 PX
301.43
ShackBurger
5.19
Smoke Shack
6.69
cheese fries
3.95
REG Soda (2 @2.75)
5.50
(2)REG Rootbeer
REG Iced Tea
2.25
Subtotal
23.58
Tax
1.89
To
Stay
Total
25.47
Visa #XXXXXXXXXXXX9197
25.47
Auth:130960
We Tweet.
You Tweet.
We All Tweet.
@ShakeShack
Check Closed",21
/content/Receipts/1141-receipt.jpg,"MAN YAUATCHA
Yauatcha
110578007 Kakin
CHK 1867
TBL 84/1
GST 3
84
Restaurant
1 Tender Branch Hibiscus
8.00
Seafood Puff
10.80
Sesame Prawn Toast
11.80
Beancurd Prawn Cheung Fun 10.80
1 XO Scallop Dumpling
8.80
- Poached Beijing Dumpling
5.80
Spinach Dumpling
6.80
Tea Smoked Pork Ribs
22.00
Subtotal
$84.80
Tax
$3.82
Total
Due
$88.62
International Market Place
2330 Kalakaua Ave Ste 326
Honolulu, Hawaii 96815
Reservations@YauatchaWaikiki.com
Phone: 808-739-9318
**GRATUITY NOT INCLUDED**",37
/content/Receipts/1142-receipt.jpg,"Blue Bear Tavern
216 S 11th Street
(215)922-3427
www.bluebeartavern.com
Check #: 00225
Date: 01/13/2012
10:16 PM
Check # 00225
Station: Pos3
Server: Andrew
Guests:
Crimini
3.00
Salami
3.00
Olives
3.00
Lg Clams\mussels
4 Reg Ketel One
14.00
House Cab
52.00
6.00
Sub Total
81.00
Philly Liquor Tax 0.60
Philly Pa Sales Tax
TOTAL
1.84
83.44",26
/content/Receipts/1143-receipt.jpg,"Arthurs
237 Washington
Hoboken, NJ
07030
(201) 656-5009
1058 Alexandr
Chk 1844
TAB/62
Gst
Oct01'17 01:44PM
Bar
1 Arthur's Burger *ChsBleu
13.95
1 ""Our"" Burger **Avocado
15.95
Loaded Nachos
12.95
Pint Boston Lager
6.00
2 Pint Yeungling
12.00
1 Kona Longboard
6,00
1 Quesadilla
13.95
food
56.80
liquor
24.00
Tax
02:28PM Total Due
3.98
84.78
20% added to parties 8 or more
Thank You for Dining with Us!
Private Rooms
Available for
Your Next
Party!",37
/content/Receipts/1144-receipt.jpg,"CHLOE81
81 Ludlow St
New York, NY 10002
Tel 212 677-0067
Check Name: WANG, HYUN
Server: Bar
Date: 08/03/18
Table:
Guests: 1
-[Seat 1]-
2 HOUSE VODKA
$24.00
1 HOUSE TEQUILA
$12.00
Subtotal:
$36.00
Tax::
$3.19
Sub w/Tax:
$39.19
Gratuity:
$7.20
Amt Due:
$46.40
Visa EMV
$46.40
Thank You
chloe81.com",23
/content/Receipts/1145-receipt.jpg,"MIGUELS MEXICAN
3035 W. KENNEDY BLVD
TAMPA
FL.
(813) 876 - 2587
127 MISSY
Tb1 82/1
Chk 55
Dec26'12 04:41PM
Gst 3
3 WATER
0.00
CRAB SUIZA
13.25
SHRIMP VERACRUZ
14.95
ENCHILADA
4.95
FAJITA BF
13.95
**TAKE OUT**
0.25
4 HH MIGUELS MARGARIT @ 3.38 13.52
Subtotal
60.87
Tax
4.27
05:19PM Total
65.14
PLEASE PAY VOUR SERVER",28
/content/Receipts/1146-receipt.jpg,"Rihanna's Caribbean Restaurant
12709 BEECHNUT ST STE100
HOUSTON, TX 77072
8328902382
ORDER: 12
Cashier: LeeLee
12-Aug-2018 3:01:40P
Curry Chicken
Beef Pattie
$10.00
$2.25
Subtotal
$12.25
Tax
$1.01
Total
$13.26",13
/content/Receipts/1147-receipt-Edited.jpg,"NEW DELHI
INDIAN
RESTAURANT
***************************************.
#237E, Sisiwath Quay, Phnom Penh, Cambodia
Tel: 0969591422
Email: uonlyB1@hotmail.com
INVOICE
Ticket No: 1740
Date:24-Nov-16
Time:9:12 PM
ITEMS
QTY PRICE TOTAL
House Wine White Glass
3.00 3.00
VEGETABLE SHORBA
2.50 2.50
GARLIC NAAN
2.00 2.00
KARI PAKORA
4.50 4.50
ANGKOR BEER WITH MEAL
1. 0.50 0.50
Total:
$ 13.00
******************************************
Thank you for dining with us! a
We Have Free Home Delivery!
******************************************",40
/content/Receipts/1147-receipt.jpg,"NEW DELHI
INDIAN
RESTAURANT
**************************************.
#237E, Sisiwath Quay, Phnom Penh. Cambodia
Tel: 0969591422
Email: uonlyB1@hotmail.com
INVOICE
Ticket No:1740
Date:24-Nov-16
Table No:
Time:9:12 PM
ITEMS
QTY PRICE TOTAL
House Wine White Glass
3.00 3.00
VEGETABLE SHORBA
2.50 2.50
GARLIC NAAN
2.00 2.00
KARI PAKORA
4.50 4.50
ANGKOR BEER WITH MEAL
0.50 0.50
ANGKOR BEER WITH MEAL
0.50 0.50
Total:
$ 13.00
******************************************
Thank you for dining with us! a
We Have Free Home Delivery!
******************************************",43
/content/Receipts/1148-receipt.jpg,"Sonic America's Drive-In
518 Robertson Boulevard
Walterboro, SC 29488
843-782-4565
Stall #15
96 JORDEN
St1 15/1
Chik 699
Jun22'18 07:59PX
Tray: 8
Stall
**** Ind | ****
Combo
Chz Burger
6.79
Add Mayo
Add Must
Add Ket
Med Fries
Med Dr Pepper
Prem Dog Combo
5.09
NY 009
Med Tots
Med Coffee
ex
1.19 Total Due:
13.07
***** A11 38231
Subtotal:
11.88
Tax
1.19
08:00PM Total Due:
13.07
You Saved...
1.86
How was your visit?",38
/content/Receipts/1149-receipt.jpg,"Dine In
Denny's Restaurant
#8129
160 Eastern Boulevard
Canandaigua, NY 14424
(585) 394-4880
8/30/2015
11:00:11 PM
Order:
429742
Server: Bethany F
Table: 12 Guests:
2
No Beverage
0.00
1 No Beverage
0.00
Milk Shake
3.99
Shake Choc
SubTotal
3.99
Tax
0.30
Gratuity
1.00
Total
5.29",18
/content/Receipts/1150-receipt.jpg,"HIMS
0 O
ESQUIRE GRILLE
SACRAMENTO INTL AIRPORT
147079 Jodi
126/1
2144
GST
APRO4 16 5:09PM
DINE IN
*Z*2 SEAT 1 ****
1 D6 WOODFRO RES
NEAT
17.99
CAB PENU
SAUV
11.00
Peju Cabernet Sauvignon
SAND GRLD CHIX
SO CHOP SLO
14.50
M/ DRS BLUE CHS
DRESS ON SIDE
SLO SHRIMP LOUIE
M/ DRESS ON SIDE
24.00
TAX
SD BRUSSEL SPRIS
7.00
5.96 AMOUNT D 80.45
##***** *******
SUBTOTAL
TAX
74.49
AMOUNT DUE
5.96
$80.45
WE WANT 10 HEAR YOUR FEEDBACK!
PLEASE CONTACT 1-877-672-7467
OR
.CUSTOMERSERVICE@HMSHOST.COM
TO SHARE YOUR EXPERIENCE.
STOREID:",49
/content/Receipts/1152-receipt.jpg,"KALOOKI'S
b-2
03/14/2015 8:12 PM
0 cts
5300
Dine in
Denise
Item
Unit
Price
Chicken fingers
8.00 8.00
Spicy Shrimp
20.00 20.00
1
Steamed Fish Lg
25.00 25.00
2
Bottled Water
2.00
4.00
Subtotal
57.00
Service Charge 10%
5.70
Total
62.70
Thank You
Kalooki's
Bay Road, Blue Hills
01649 Providenciales
6493323888",20
/content/Receipts/1153-receipt.jpg,"Gordon Ramsay Steak
Paris Las Vegas
10/21/2014
19:41
.-EURESCUESSSORS-COURRES
Gordon Ramsay Steak
Check: 2042367
Table: T-35
Server:
Lomberto
Guests:
Terminal: 42
SECEDESCROCROCEEN.
Regular
Pina's Cup
14.00
2 The Drifter
28.00
€ 14.00
Kobe Beef Slider
18.00
New York
63.00
Amer Kobe Filet
79.00
1 Lobster Tail
38.00
Potato Puree
12.00
Grlld Asparagus
13.00
Peppercorn
Pepsi
6.00
Choc Pot De Crem
6.00
13.00
Subtotal
Tax
290.00
Total
23.49
313.49",26
/content/Receipts/1154-receipt.jpg,"Via Mar Restaurant
4105 Maine Ave
Baldwin park, CA 91706
626)
939-9019
Server: Isabel
Order
Station: 10
#: 320502
Table: 16
Dine In
Guests::
6 TAP BEER 10-HH
Modelo Tap.
9.54
2 Manzanita Sol
Tamarindo
5.50
Sprite
2.75
Thur. 2 Cock Shrimp
2.15
2 Whole Fish
11.95
Tilapia Wh1
21.90
Fried
1 2 tcs Governador
› plan ,fries
7.75
French Fries
Taco DE Asada
2.50
› plain, papas
2.25
SUB TOTAL:
Tax 1:
66.89
Tax 2:
6.35
0.00
AMOUNT DUE:
2222522-
$73.24
Gratuity:
Total:
9/6/2018
***************************************
DI FASCITE DA",41
/content/Receipts/1155-receipt.jpg,"Marco Pierre Mite
Steakhouse & Grill
Dawson Street
VAT: 65733389
Tel:01 6771155
marcopierrewhite.te/Dawson
40006 Charlie
Tb1 15/1
Station
Chk 1501
Gst
16Feb* 19 21:31
80Z F11 Bearn
80z Fil Au Po
35.95
Onion Ring
35.95
Haricots Vert
4.95
Choc Truf Cake
4.95
Lunta
8.95
39.00
22:57 Balance Due
129.75
Thank you for your custom.
Please call again
Visit us online at
marcopierrewhite.1e/dawson",33
/content/Receipts/1156-receipt.jpg,":JeIS
***********9529
98724/2016 thiRtees
VSIA
peA (00a8
lipa.O Bs lA
#A%OZ
xe
to Pay: [elol
¢ 10
eul
eweN 20
1890
uted Fos® 04 LUM 11190 sTIeGIB@W
Fish & Chips 2 Unpv
O1 S
G8 FI
08 C
08 C
0.50
4.95
SINA3M NO1TIW VIMI
bsseJpp
12.37
.80
OZEELLLES 89 - IVA
FOOD VOMI
G8 FI
35 7
.80
08 7
0.50
4.95
Price Total
&
3.80 P",33
/content/Receipts/1157-receipt.jpg,"COLLEGE OF SOUTHERN NEVADA
RUSSELL*'S RESTAURANT
108 SERV
T61 55/1
Chk 4488
Oct08 14
Gst
12:10PM
LATTE
*NO FLAVOR
1.75
SALMON
7.95
12:44PM Amount Due
9 . 70
COLLEGE OF SOUTHERN NEVADA
WHERE HOSPITALITY EDUCATION
TAKES LIFE
PLEASE PAY CASHIER
Thank You",23
/content/Receipts/1158-receipt.jpg,"MITASU JAPANESE RESTAURANT SDN BHD
B-01, CENTRAL PLAZA,
34 , JALAN SULTAN ISMAIL,
50250 KUALA LUMPUR
TEL 03-2110 2833
(GST Reg. No : 001774428160)
Tax Invoice
Table D2
Bill#: V001-201060
Date
Odr No: 199535
: 29-06-2018 19:59:15
Cashier: AARON
Pax(s): 11
Qty Description
Total TAX
11 (28.01) Adult
-
709.50 SR
Subtotal:
Serv. Charge (10%) :
709.50
GST Payable (0%):
70.95
Total:
0.00
TOTAL:
780.45
780.45
Closed: 001
Server: AARON
29-06-2018
21:52:03
VISA
*******#****3042
780.45
LIM CHAI JA",42
/content/Receipts/1159-receipt.jpg,"Taco
Time Kensore
(425) 488-4472
6733 NE 181TH ST
KENMORE WA 98028
DT>248
Host:
04/24/2018
Cashier:
DT>248
7:08 PM
30126
Order Type: Drive Thru
SFT TACO BF
5.99
Subtotal
5.99
ax
0.60
Drive Thru Total 6.59
CASH
$10.00
Change
$3.41
Thank you.
Please come again!",20
/content/Receipts/1160-receipt.jpg,"Angelo'
Pizza Restaurant
12247 Sheridan St
Cooper Cityb,
FL 33026
(954) 893-2000
Server: Melina
Station: 2
Order #: 4876
Dine In
Table:
Guests: 4
Sprite
2.55
Chicken Caesar Salad
8.95
Chefs Special
19.95
Chefs Special
Soup of Day
Bar Subtotal:
0.00
Food Subtotal:
31.45
Tax 1:
1.89
====2222
TOTAL:
$33.34
» Ticket #: 56 <
7/10/2017 9:32:06 PM
THANK YOU!",29
/content/Receipts/1161-receipt.jpg,"Dominican Restaurant
1019 Front St.
516-292-5700
Guest Check
Party of 2
Table
Ticket
12005
Employee EUFEMIA
SERVERS
06:38 PM
Date 11/10/18
Seat
1 >
Bistec Palomilla Enc
W/Moro Gandules
Hab Rojas
Red Bean
Dine in
15.95
Spaghetti Con Pollo
W/Moro Gandules
Hab Rojas
Red Bean
Dine in
14.95
Copa Vino
White Glass Pinot Gr
5.50
Lemonada
Dine in
3.50
Jugo de Chinola
Dine in 16oz
4.00
Gratuity.
6.59
Sub Total
50.49
Sales Tax
2.74
Check Total €2 53.23
Additional Tip
Tota Charge:
15% tip is 7.57
18% tip is 9,09
20% tip is
10.10
22% tip is 11.11
Thank
you for Coming
Gracias por su Visita",55
/content/Receipts/1163-receipt.jpg,"BEN'S BAYSIDE
211-37 26th Avenue
Bayside, NY 11360
Phone: (718)229-2367
Email: Bayside@BensDeli.net
0032 Table 45 #Party 3
JESSICA M SvrCk:
12:05 03/05/17
DINING ROOM
2 DOUBLE DIP, 1 tky, bowl barley,
1 past, bowl barley
27.98
KNISH
0.00
ROUND
3.99
KASHE SIDE
3.99
COFFEE
1.99
2 WATER
0.00
Sub Total:
37.95
Tax
3.37
03/05 12:41 TOTAL:
41.32
Suggested Gratuity
GRAT 15%
5.69
GRAT 18%
R 83",34
/content/Receipts/1164-receipt.jpg,"the
Opcar
East Hampton, NY
(631) 329-1600
Fax (631) 329-1648
www.goldenpearcafe.com
Date:
Card Type:
Aug06'15 11:01AM
Visa
Acct #:
XXXXXXXXXXXX1779
EXp Date:
XX/XX
Auth Code:
08316C
Check:
9391
Check ID:
CHINO
Server:
5 Karina
Subtotal:
22.70
Tip
Total
Signature.
I agree to pay above total
according to my card issuer
agreement.
Customer
Copy",22
/content/Receipts/1165-receipt.jpg,"EL CHICO MEXICAN RESTAURANT
JBR
TEL
04-7059680
1050 Home Del
bl 1014/1
Chk 1958
Nov 12° 16 05:41PM
Gst 0
Home Delivry
Is Guac
Grande Chicken
48.00
64.00
Buritto
Delivery Charge
5.00
Amount Due
117.00
***Thank You For Coming***
Home Delivery No:600561112",22
/content/Receipts/1166-receipt.jpg,"PAPPADEAUX
SEAFOOD KITCHEN
Pappadeaux Seafood Kitchen (612)
7800 Airport Blvd (HOU)
Houston, Tx 77061
(713) 847-7622
0089
Table
7 #Party 2
DANIEL O
SvrCk:
7 12:46 01/07/17
DINE
IN
1 Side Craw Etouffee 4oz
10.98
1 Pan Seared Tilapia
21.99
2 Tea
5.98
Sub Total:
38.95
Tax:
3.21
Sub Total:
42.16
01/07 13:29 TOTAL:
42. 16
Thank you for dining at Pappadeaux!
Tip Not Included
15%
6.32
18%
7.59
20%
8.43",36
/content/Receipts/1167-receipt.jpg,"In 0 t
casa
o Cafe
7 Astoria Did
Mby 21. 2019
Astoria, NY 11102
6:58 PM
(929) 328-0030
Ticket:
FORNE
Grilled Skirt Steak
Well done
$28.00
Fountain Sodas
$3.00
Subtotal
Sale Tax
$31.00
$2.75
Total
$33.75",17
/content/Receipts/1168-receipt.jpg,"CARL'S JR
Restaurant 1100580
11961 Beach Blvd.
Stanton, CA 90680
(714)895-5114
9/27/2017
12:13:06 PM
Order 375719
Cashier: Alvaro I
1 Box
#1
0.00
Star Meal #1
1.00
Dbl Chbgr
0.00
Hot Dog
0.00
Baked Cookie
0.00
Lg Fries
3.00
Lg Bev Bar
3.00
SubTotal
7.00
Tax
0.61
Total
1.61
Cash
8.00
Change
0.39
To Go
Thank you for visiting!
Ticket $45
Items in bag(s): 4",28
/content/Receipts/1169-receipt.jpg,"Delmonico's
Itollen
Steakhouse
1553 CENTRAL AVE.
ALBANY.
12205
(518) 455-5656
Server: Sarah
08/22/2015
Table 57/1
9:24 PM
Guestst
# 70056
No Bev (2 80.00)
0.00
Muzzarella Fritta
7,99
Delmonico Steak
24.99
Asparagus
2.99
Baked Potato
3.99
Decaf Coffee - Unlimited
2.99
6 Items
Subtotal
42.95
Tax
3.44
Total
46. 39
Balance Due
46.39
Gratuity Not Included",22
/content/Receipts/1170-receipt.jpg,"Again,
Buca di Beppo
Store#0511
Universal City, CA 91608
818.509.9463
Server: Molly
07/15/2016
Table 53/1
7:57 PM
40020
Guests: 3
Reason #66
Order Type: Dining
3.29
There's a
Iced Tea
Sm Garlic Bread
9.99
28.00
eason #23
907 Buca Chianti (2 @14.00)
Gl Buca Chianti
Sm Chop Antipasto Salad
2
Lg Supremo Pizza
"" ele
****************************************
We value your opinion.
Visit bucafeedback.com to complete
a brief survey and enter our weekly
with
drawing for a chance to win a
$100 digital promotional certificate.
See bucadibeppo.com/buca-feedback-rules
for Official Rules and restrictions.
the
u didn't dre
091 257 000 051 115
day Song
of school. ************
Pasta!
esh for you!
100.26
-i-nar-a..
Subtotal
9.02
too!
Tax
ucaaa...
Total
109.28
say,
Balance Due
109.28
dav",68
/content/Receipts/1171-receipt.jpg,"POP TATES KORUN HALL
ANDHERI WEST
MANGAL
KORUM MALL, 4TH FLOOR
PANDEY RD, OFF EASTERN EXPRESS
THANE (4) 400606
TEL : 022 66737988
ORDER NO : K00024595
BILL NO
DATE AND TIME
800006266 09/12/2012 6:14 PM
PAX TABLE
6 52
CASHIER
: CASHIER
WAITER
:WAITER
@ty Menu Item
Amount
2 FRENCH FRIES
190.00
OPEN FOOD
60.00
1.00 MANESH
SAUS
60.00
1 PANEER TIKKA
248.00
Total
498.00
SERVICE TAX @ 4.94%
24.60
Grand Total
523.00
VAT NO : 27840289613V
****THANK YOU & VISIT AGAIN ****",49
/content/Receipts/1172-receipt.jpg,"El valle
Mexican Restaurant
305 W. John St.
Matthews, NC 28105
(704) 845-1417
Server: GEOVANNY
Station: 10
Order #: 403593
Dine In
Table:
Guests:
GUACAMOLE DIP
3.99
DIET COKE
LUNCH FAJITAS
2.15
TORTILLAS (3)
7.75
SOUR CREAM
1.25
1.25
SUB TOTAL:
16.39
Tax 1:
1.36
TOTAL:
$17.75
» Ticket #: 7 «
12/2/2017 11:48:28 AM
THANK YOU!",28
/content/Receipts/1173-receipt.jpg,"600 E Grand Ave
Lao's Mexican at Navy Pier
Table
0#1
Trans #:
64142
Serv: Claudia
8/24/2017 5:29 PM
# Cust:1
Quan Descript
Cost
1 Bottled Water
$2.45
And Pollo Taco
$4,95
Add Carnitas Taco
$4.95
1 Sour Cream
$1.25
Chihuahua Cheese
$1.25
Net Total:
$14.85
IL Sales
MPEA Tax
$1.52
Restaurant
$0.15
$0.04
REESE=====
Food: $12,40
TOTAL: $16.56
Beverage: $2.45
ERE=======:
EMVUS
$16.56
-2225355=222
n
A Robinson Hill Company
It's The ExpeRience That Counts!
Tell us about your visit!
www.robinsonhillusa.com/guest-survey",40
/content/Receipts/1174-receipt-Edited.jpg,"ipanema
Brazilian Steak House
2023 South
Pine Avenue
Ocala, Florida 34471
(352) 622-1741
Date:
04/13/18
Order #: 415
Time: 09:16 pm
Server: Kyle118
Guest: 1
Table #: 12
Name:
DINING
DINNER RODIZIO
$81.95
Sub-total:
Gratuity:
$81.95
$10.49
Tax:
$2.94
Total:
$95.38
Pay This Amount:
Recommended Gratuity:
20% = $8.39 23% = $9.65 25% = $10.49
Thank You
Please Come Again",31
/content/Receipts/1174-receipt.jpg,"ipanema
Brazilian Steak House
2023 South
Pine Avenue
Ocala, Florida 34471
(352) 622-1741
Date:
04/13/18
Order #: 415
Time: 09:16 pm
Server: Kyle118
Guest: 1
Table #: 12
Name:
DINING
DINNER RODIZIO
$41.95
Sub-total:
$41.95
Gratuity:
$10.49
Tax:
$2.94
Total:
$55.38
Pay This Amount:
Recommended Gratuity:
20% = $8.39 23% = $9.65 25% = $10.49
Thank You
Please Come Again",31
/content/Receipts/1175-receipt.jpg,"Bar Louie Huntsville
365 The Bridge St., Suitel
Huntsville, AL, 35806
Server:
07/03/2015
Cashier:
143/2
4:42 PM
Guests: 1
20111
Reprint #:
Whiskey
6.25
Subtotal
6.25
Tax
1.31
Total
7.56
CASH
10.00
Change
2.44
Thank you for visiting us!
Ask us about hosting
your party or private event
at Bar Louie Huntsville!
Eat, Drink, Be Happy!
huntsville@barlouieamerica.com
Check Closed",30
/content/Receipts/1176-receipt.jpg,"HEDLEYS
640 N ROBERTSON BLVD
WEST HOLLYWOOD CA 90069
310-659-2009
Terminal ID: 01528251
3430
6/5/17
2:52 PM
CREDIT SALE
715615506682
UID:
REF #:
9395
BATCH # : 554
AUTH #: 065231
AMOUNT
$41.45
TIP
TOTAL
APPROVED
TC - C0347EEBBF2C362B
CUSTOMER
COPY",19
/content/Receipts/1177-receipt.jpg,"El Charro Cafe Ventana
6910 E SUNRISE DR
Server:
Ana
06/24/2018
Table 24/1
8:00 PM
Guests:
2
#30076
Coors Light
5.00
Ice Tea
3.25
Shrimp Fajita
18.95
Stuffed Chicken
17.95
Subtotal
45.15
Tax
2.75
Total
47.90
Balance Due
47.90
EAT FOR FREE!!!",16
/content/Receipts/1178-receipt.jpg,"Gourdough's Public House
2700 South Lamar Blvd
Austin, TX 78704
Phone: (512) 912-9070
3008 BAR PM
Chk 7862
Jan21'17 08:56P Gst
FREEBIRD
ICE CREAM
5.50
2.00
LONESTAR
3.50
ORIGINAL TTL
11.00
TAX
0.91
09:38PM TOTAL
11.91
Follow us @gourdoughspub on
Facebook or Twitter for the
latest and greatest
specials!",27
/content/Receipts/1179-receipt.jpg,"Server:
Fourth StreetMill
Receip'
2124 BONITA AVENUE
LA VERNE, CA 91750
(909) 596-1564
Subtc
Dine In
Sales
Server: Chris D.
Sep 29, 2018
Tota
Receipt: 4J33
5:38 PM
Table: P5
Am
Item (s)
Lamb Burger
$13.00
NO Goat Cheese
NO Bread
Medium
Sauce On Side
Kids Grilled Cheese
$5.00
Kids Fries
$3.00
Sweet Potato Fries
$8.00
Kids Cheeseburger
$7.00
NO Ketchup
- No bun
Sub sourdough
Beef Burger
$10.00
Medium Rare
Sides
$3.50
Bacon (2) Slices
Subtotal
$49.50
Sales Tax
(Incl. 9.5%)
$4.70
Total
$54.20",39
/content/Receipts/1180-receipt.jpg,"spinach. Served with a
10.95
matoes, and Onions. Served with a Mexican salad
13.95
10.95
1o 88Q Sauce, to€
and
choice of
(912)341-8897
555 BAR
Chk 4427
3 COR
Get 0
Aut30 14 01:20PM
Chips Salsa
4.95
Red Bull
3.50
cajun seasonir
Soft Drink
2.79
fries or rice &
Cash
12.03
Subtotal
11.24
Tax
0.79
ime Pie, Car
Total Paid
12.03
State Tax
0.79
--555 Check Closed---
..=-Au930 14 01:47PM-----*",36
/content/Receipts/1181-receipt.jpg,"ONILISIA 8O4 NOA YNWHI
98 68+
98 SE
00 tOV
3nd TWIOl Wd71 :60
TAX
00'17
VIOLENS
09' SZ
00°91
[78 3,03 9
09't!
u! Lyueds SSO^ E
09' SI
yourds paaqnes
09°0
soupy uoLuo
09 91
snbeJedsy
09* 69
01210d Baked
00 ZL;
JaMO L I ! L neg
UT auog anaq! y
zo9| du J?s
e
WdES: LO
ut eu! a
§ 199
)L. LOJdY
1901 140
1/0tZ 191
uexyaqay Szol
0ZOOL X-0A MaN ""XJOA MAN
eoLuawy aut j0 anuasy IZZI
0798# S,00SI8: 130",51
/content/Receipts/1182-receipt.jpg,"**************************
Finnegan's Way Check 822819
1344 Ocean Drive
Miami Beach Florida 33139
Tel. 305-672-7747
08/21/17
8:38 PM
Table 15 Cust
Waiter 58 IRYNA P
#********##*#######******#***##*******
SOBE MOJITO'S
40.00
BACARDI LIGHT
Taxable:
40.00
Sub-total:
Sales Tax 7%:
40.00
Resort Tax 2%:
2.80
Total:
0.80
Voluntary 18% Tip:
43.60
7.20
Please feel free to adjust or remove
the tip amount at your discretion
Total
50.80",35
/content/Receipts/1183-receipt.jpg,"JALISCO
244 Highway 290 W.
.Elgin TX 78621
512-285-3940 or 512-285-3950
Check 94
NOEMI
Table 6
Guests
5/19/2019
11:38 AM
Water
0.00
Caldo de Camaron
8.99
Subtotal
8.99
Sales Tax
0.74
Processing Fee
0.27
TOTAL
10.00
BALANCE DUE
10.00
Processing fee will be removed
if the check is paid in cash.
• TUANV VOL COD CHOOSING 1044",31
/content/Receipts/1184-receipt.jpg,"***********************************
0193 Table 54 #Party 2
WILLIAM L
SvrCk: 10 8:07p 03/22/13
DINING ROOM
T5 MAIN DINING
1 BEEFEATER-MARTINI
11.50
ROSEMARY CAIPIRINHA
13.00
1 CRABCAKES
17.00
BLACK PEPPER BACON
12.00
Millenium 2#
52.00
NY SIRLOIN
46.00
BRUSSEL SPROUTS
13.00
T ESPRESSO eA LAUREN'S HAZELNUT TORTE
4.50
9.00
Sub Total:
178.00
Tax
15.35
Sub Total:
193.35
03/22 9:53pTOTAL:
193.35",28
/content/Receipts/1185-receipt.jpg,"JT's Diner
37011 Cook Street
(760) 797-2100
Server: Braulio
02/12/2016
102/1
10:28 AM
Guests: 2
50022
Coffee (2 @2.95)
5.90
TwO Eggs Any Style
6.95
Whole-Wheat Pancakes
8.95
Hawaiian Sausage
4.50
Subtotal
26.30
Tax
2.10
Total
28.40
Balance Due
28.40
Thank You",17
/content/Receipts/1186-receipt.jpg,"Primo
Family Restaurant
5/3/19 8:14 PM
DARWIN D. Table: 10 Check: 137
Prem Glass 07.50
$22.50
MED Veggie $27.00
$27.00
Sub-Total
$49.50
Sales Tax
$2.97
Total
$32.47
Payments
MASTERCARD***6170
$52.47
Amount Due
$0.00
Server:
Charge Receipt
DARWIND.
Table",16
/content/Receipts/1187-receipt.jpg,"Spiral Diner
& Bakery
608 E Hickory St
Denton, TX 76205
Order# 185736
Eat
In Order
Server: Sarah A
Date:
Table: 9
6/16/19, 10:04 AM
Real Smooth
Short
Stack
$7.99
Coffee
$8.59
Breakfast
Quesadilla
$2.99
NO
Sausage
$13.99
Grilled
+$0.00
Spinach
Southern Comfort
+$1.99
$10.99
Subtotal:
HappyCow
$46.54
Total Tax:
$3.84
Total:
$50.38
Order Balance due:
$50.38
www.spiraldiner.com
Follow Us On
facebook.com/spiraldiner
instagram.com/spiraldiner
Thanks for your
business!
LOO SULLED",25
/content/Receipts/1188-receipt.jpg,"New China
1130 North Higley Rd. Suite#7-102
Mesa, AZ 85205
Tel:(480|218-9888/9892
Walk In
Dale: 03-12-2016
Time: 4:02PM
# 23
Server: BOSS
Beef w. Broccoli
8.25
W Chicken Fried Rice
2.00
Sweet / Sour Chicken
7.95
Chicken Chow Mein
6.75
Amount: 24.95
TAX(8.05%) : 2.01
TOTAL: 26.96
Thank you very much.",30
/content/Receipts/1189-receipt.jpg,"MIGUELS
MEXICAN
3035 M. KENNEDY BLVD
TAMPA
(813) 876
FL.
2587
187 MEGAN
Tb1 42/1
Chk 3923
Gst
Jul05'17 05:5304
DINE
IN
NATER
0.00
ENCH VERDE
12.50
ENCH MANUEL
12.80
Subtotal
25.30
Tax
06: 11PM Total
1.78
27.08
PLEASE PAY YOUR SERVER
THANK YOU
FOR CHOOSING MIGUELS CAFE
----------Tear Here- ---------
Emp: MEGAN F Table: 42 Check#: 3
Date: 7-5-17",29
/content/Receipts/1190-receipt.jpg,"EX clat
Fevo
Supe
Sern
BOMBAY GRILL
HOUSE
Indian Cuisine
Bombay Grill House
764 9TH AVE
NEW YORK, NY 10019
2129771010
Any Special Offer will be at End of Receipt
ORDER: Table 2
Dine In
30-Jun-2018 10:36:38P
Transaction 104379
1
Onion Bhajia
Lamb Vindaloo
$5.95
$14.95
medium
Konkan Fish Curry
$16.95
medium
Shrimp Briyani
$16.95
medium
Garlic Naan
$4.00
Hess Cabernet
$50.00
Subtotal
$108.80
Tax
$9.66
Total
$118.46
CREDIT CARD AUTH
MASTERCARD 0148
$118.46
Tip
35.54
Total
1$4.00
ZAN
IN ALEXANDER",35
/content/Receipts/1191-receipt.jpg,"MOD
Pizza
26902 92nd Ave NA
Suite A
Stanwood, WA 98292
Phone 360.205.9680
5/19/2019
Order Id: AABT4HN6ACOM
4:06:54 PM
#77
HERE
Draft Beer (2 @ 4.97)
$9.94
Fountain Drink (160z)
$2.17
MOD Pizza
$8.67
Mini MOD
$6.67
Sub Total
$27.45
Sales Tax
Order Total
$2.53
$29.98
Visa
Tip:
$29.98
Card#: ************3352
$3.59",23
/content/Receipts/1192-receipt.jpg,"17300 SOUTHCENTER: BA
tuatA,
50186
208.515.7454
28120 Janell M
To1 127/1 Ork
Sep30*17 07:38PM
05?
CHIC TEND AP
RIBS 1/2 ST
9.95
BRG DELUXE
K TIMING
4.85
9.95-
SUBTOTAL
33.90
AX
TOTAL DUE
3.39
7.29
PAPE
MONDAY TO SATURDAY
3 pa to 6 pm and 9 pm to close
SUNDAY HAPPY HOUR ALL DAY
Join our EAT DRINK & EARN Club
to cam rewards while dining
at any restaurants cal at
rostaurant! Aak your server
for details or join online att
www.r-b-1.com/remarda",52
/content/Receipts/1193-receipt.jpg,"Mario Cal lender's Restaurant
Store #0134
2131 Price St.
Pismo Beach. CA 93449
(805) 773-0606
www.mcpfes.com
111590 Becky
Tb1 2/1
Chk 1878
Nov30 14 06:35PM
Gst 2
1 **CORNBREAD SVC
TRIO- POT PIE @ 9.99
0.00
C- PIE SLICE
19.98
NO BEVERAGE
0.00
SOFT DRINK
0.00
BDAY CLUB $5
2.79
5.00-
Subtotal
17.77
Tax
07:10PM Total
1.42
19.19
****************
Indulge. Take home a whole piet",35
/content/Receipts/1194-receipt.jpg,"Bar Rua
Clarendon Street
able #520
Trans#: 241805 Serv: toon
17/08/2018 07:40:22 PM *Dust:4
e
Quan Description
G.S
SEES
WINGS SMALL
6.60
FRESH 000
9.00
SHELLFISH POT
13.00
FISH CAKES
22.50
PORTION BREAD LARGE
7.50
1.50
TOTAL:
5.10
Facebook
BAR RUA
@BARRUADUB
REVERE/ TRIPADVISOR
<-REPRINTED->",19
/content/Receipts/1195-receipt.jpg,"Amici
Conyers
1805 Parker RD Suite G110
1805 Parker RD
(678) 890-2005
Server: Nicole
Table 52/1
06/10/2018
Guests: 2
1:02 PM
30004
Seat
**************#***#**#****************
Coke
Margherita
Calzone
2.29
Side Caesar
11.99
4.99
Subtotal
19.27
Tax
1.35
Total
20.62
Seat 2
******************************************
Coke
2.29
Dbl Stack Cheeseburger
8,99
Bacon
0.99
Subtotal
12.27
Tax
0.86
Total
13.13
Subtotal
31.54
Tax
2.21
Total
33.75
Balance Due
33.75
Thank you for dining with us!
SUGGESTED GRATUITY:",23
/content/Receipts/1196-receipt-Edited.jpg,"* * * TO GO * * *
NAME: CHARES
CHECK= 71128.1.
Closed to Credit Card
PATE/TIME: 12/31/2018 6:06:02 PM
SERVER:
STATION: 01
Item Count: 8
TIKKA MASALA
CHICKEN (MURGH)
$20.00
PALAK (SPINACH)
PANEER (CHEESE)
$18.00
VEGAN BENGAN BHARTA*
$17.00
Subtotal
Tax
$55.00
Total before tip:
$3.30
$58.30
Tip amount:",28
/content/Receipts/1196-receipt.jpg,"* * * TO GO * * *
NAME: CHARES
CHECK# 71128.1
Closed to Credit Card
DATE/TIME: 12/31/2018 6:06:02 PM
SERVER: Tai
STATION: 01
So happy about your visit!
Item Count: 8
TIKKA MASALA
CHICKEN (MURGH)
$20.00
PALAK_ (SPINACH)
PANEER (CHEESE)
$18.00
VEGAN BENGAN BHARTA*
$17.00
Subtotal
lax
$55.00
Total before tip:
$3.30
$58.30
Tip amount:",33
/content/Receipts/1197-receipt.jpg,"BAR RISTORANTE
STABILIMENTO MARINO E TERMALE
SAN MONTANO S.R.L.
VIA S. MONTANO
LACCO AMENO (NA)
PARTITA IVA 00200430635
EURO
X 0.50
Vasso1
Stoviglie
1.00
X 5,00
Macedonia
10.00
Insalata Negombo
10.00
Bufala
8.00
Pomodorini
Nat 1/2 lt
4.00
1.00
TOTALE €
34.00
CONTANTE
REG. 001 OPER.
28-08-2018 12:41
SCONTRINO FISCALE N. 52
/F TV 45400311",27
/content/Receipts/1198-receipt.jpg,"STK Miami Beach
Collins Ave
Mias1. FL 33140
100 SERVER
103/1
1955
GST
25AUG 17 8:03PM
Dining
Avion Silver
16.00
margarita rx
Staub
0.00
Avion Silver RY
16.00
margarita rx
DA Delmonico 14
Truffle Fries
62.00
13.00
Mac/Cheese
12.00
Asparagus
BAKED COOKIE
13.00
10.00
SUBTOTAL
142.00
Add-On
Food
7.70
Add-On
Bev
2.24
Resort
2.84
TOTAL DUE $154.78
For your convenience
suggested gratuities
are shown below
18% gratuity $25.56
20% gratuity $28.40
22% gratuity $31.24",31
/content/Receipts/1199-receipt.jpg,"112022*1..
Nonna
9255
Sunset BTvd
West Hal lywood CA
90069
Tel. 310-270-4455
05/21/12 9:33 PM
Sarah:
12
..........
Tartare di Tonno
17.00.2.
Linguine Scampi
20.00
Branz ino
28.00
Pizza Americana
14.00
Carrot Cake
12.00
61 Sangiovese
12.00
Gl Merlot
13.00
Hisc Food
2.00 2
Taxable:
118.00
Sub-total:
118.00
Taxes:
10.33
Total Due: 128.33",20
